case_id,dispute_type,decision,governing_clause_ids,decisive_evidence_ids,rationale,labeler_id
CF-101,DAMAGED_GOODS,,,,,
CF-102,DAMAGED_GOODS,,,,,
CF-103,DAMAGED_GOODS,,,,,
CF-104,DAMAGED_GOODS,,,,,
CF-105,DAMAGED_GOODS,,,,,
CF-106,DAMAGED_GOODS,,,,,
CF-107,DAMAGED_GOODS,,,,,
CF-108,DAMAGED_GOODS,,,,,
CF-109,COD_MISMATCH,,,,,
CF-110,COD_MISMATCH,,,,,
CF-111,COD_MISMATCH,,,,,
CF-112,COD_MISMATCH,,,,,
CF-113,COD_MISMATCH,,,,,
CF-114,COD_MISMATCH,,,,,
CF-115,COD_MISMATCH,,,,,
CF-116,DAMAGED_GOODS,,,,,
